{"A": 0.08040605150731232, "C": 0.03343773688810862, "B": 0.014846487698236691, "E": 0.12492062534197067, "D": 0.038169582783224694, "G": 0.018693758446142437, "F": 0.02403123383775965, "I": 0.07569277540220806, "H": 0.05053301406632262, "K": 0.00540513489633885, "J": 0.0015877372404490017, "M": 0.02511760599410516, "L": 0.0406898604777074, "O": 0.076406929387264, "N": 0.07233629221774214, "Q": 0.0012046892068254826, "P": 0.02135891018410595, "S": 0.06512766562623011, "R": 0.06279420706085999, "U": 0.02729701843405106, "T": 0.0927556484289489, "W": 0.01675664190911723, "V": 0.01053251617932296, "Y": 0.016649800974448417, "X": 0.002348568874531159, "Z": 0.0008995069366664322}